{"AABB":{"min":[-0.2220540046691895,-0.4459449946880341,-0.1868070065975189],"range":[0.4106689989566803,1.0,0.4111530184745789]},"bits":{"normal":11,"texture":0,"vertex":{"x":10,"y":11,"z":10}},"data":"buddha-oct.b128","faces":952738,"indexBufferSize":2113564,"indexCoding":"highwater","indexCompression":"pairedtris","max_step":3,"normalEncoding":"octahedral","numbytes":4807673,"size":4807,"utfIndexBuffer":2113564,"vertexQuantization":"perVertex","vertices":475746}